,Date,Avg_RSI_Pct_Diff,Avg_MFI_Pct_Diff,Avg_ULTOSC_Pct_Diff,Avg_OBV_Pct_Diff,Avg_MON_Pct_Diff
0,2014-12-26,-3.9142991239227336,5.811880619643093,11.567331250662384,-29.32797898838361,-13.24653847722477
1,2015-01-02,-0.3261868490705755,8.416425826106044,,,
2,2015-01-09,0.17272486950793697,-9.013236151242925,0.5415928860592797,-1.7924788568894503,-0.8446275538678805
3,2015-01-16,3.5171325144856085,-6.280910202014041,4.943276601891236,0.5440605167519097,-1.6227421820360477
4,2015-01-23,0.7552584280722408,-7.864027638837956,3.3433701421904827,-3.1718213783578553,-2.9923985507655493
5,2015-01-30,3.4321713958892004,-3.652605150559965,0.47111989659000175,3.0203025832186547,3.5023897764430245
6,2015-02-06,3.232801405243992,-3.2810919033587402,2.9397617880166416,-2.5559892729200717,-1.5544358642941458
7,2015-02-13,10.499433968188008,-3.785630478134469,5.861743974141963,4.495013705270026,4.437136752889805
8,2015-02-20,2.309743554921808,-0.06558948397268978,8.826254916401123,4.240596257502061,1.0333035319145911
9,2015-02-27,-0.1354165774023779,-1.1597692913686308,2.668358838145557,0.277952210265513,-0.5177821104549674
10,2015-03-06,17.223527088976862,-10.964487983355845,3.24970517820689,0.4697159352373026,-0.8074355177357218
11,2015-03-13,8.223398580451612,-6.2181714040038125,9.031088834859995,-0.03327866243417752,-1.7331811631214535
12,2015-03-20,4.059611506525114,-3.185827296645047,4.929421447056333,-1.149723152297868,-0.33120718437343877
13,2015-03-27,2.2213130853686147,-8.22413612491162,4.861917461680975,2.8833265266521835,1.6957375153659382
14,2015-04-03,-0.22092218791573748,-3.9899742239416014,2.5354479489132835,-3.539273326384207,-2.24332878889123
15,2015-04-10,0.4779734818888981,-2.99071209092381,0.04763283931749444,1.0000405830870007,-0.19335674529861402
16,2015-04-17,0.5821307993200048,-9.124508352859612,4.076691981609271,2.7299587159048277,4.797022082787166
17,2015-04-24,-0.05604228720904825,-0.6058400063814706,2.0264765970664644,-1.0481672178750068,-2.1273607902207536
18,2015-05-01,7.546528230452315,-2.890719229738244,10.683852524624388,1.5929728316567582,3.9423737190392094
19,2015-05-08,1.0276011854200173,-2.2661872996882026,0.48314083666073093,0.858766912048301,-5.201730672902218
20,2015-05-15,4.457086796050688,-1.67981678364137,2.736665298887819,-1.6605283110231173,2.054800382341604
21,2015-05-22,3.979390731290855,-1.469693034221682,1.8258076189615657,0.9801696449593834,4.346008726232737
22,2015-05-29,2.514889477907074,-3.9476395527796315,3.3601366549377603,1.5185176202512587,1.3005195622898522
23,2015-06-05,0.36650438014207865,0.6284097528723562,1.4793102114642354,0.20103224103867,-1.0136429219500176
24,2015-06-12,1.8042449578651578,-5.125248835390028,2.6473317131055785,0.7373650939283105,0.22654655624341657
25,2015-06-19,0.9649860894947704,-6.174049177283807,7.821606097737676,-1.1506780235292988,0.6619720972291865
26,2015-06-26,9.190323905876756,-5.587518280287326,18.30119849737494,1.5224236400098512,-1.7023750089288043
27,2015-07-03,2.51952823610345,-1.9827312934536434,4.8837049028293755,-0.4328735418256978,0.5596022131694256
28,2015-07-10,-1.0133233982375112,-2.590214768971453,7.719356235756019,-0.4458025224209706,-1.6546829443745126
29,2015-07-17,4.922853574629745,-2.2590760365738993,4.635968658944267,-3.0342163541997302,-0.14161745694778247
30,2015-07-24,2.289872608161338,-5.788341090426094,4.243338223687694,5.8562491132530905,12.579707923401406
31,2015-07-31,1.7466869733975934,-13.266620223283292,1.739495891880867,-1.7709783053661465,-3.857854472505275
32,2015-08-07,6.7346613522579215,-2.102958925081666,8.946251756590007,1.2525450101030877,0.4531363516426379
33,2015-08-14,12.205412817617391,-6.269317731780018,10.99968200251741,0.599182961968199,-2.237559822680504
34,2015-08-21,2.63422186325671,-1.7556567932080736,1.3258656471894301,0.08801776076251544,1.6614505934979573
35,2015-08-28,-7.587439560257744,-6.802545545321005,-9.775645288371418,-5.692200742428584,-7.041680812554489
36,2015-09-04,4.923202083494094,2.6880564165717096,4.646884120638436,4.4081164968752145,2.9844328120085217
37,2015-09-11,1.566972979628305,-6.769296208032118,14.875997465241152,-2.6872017750897297,-5.1563505703702734
38,2015-09-18,2.55225194384634,-3.461614595946263,0.5489205279569707,1.5214718604485156,3.593466477812362
39,2015-09-25,3.892935375472826,-2.7525698897939592,8.941088780729407,1.6651022712960017,-0.588026635404586
40,2015-10-02,2.711343546388618,-3.2266091332485773,-0.6472493631940536,-0.31661409488634273,-2.062257922559727
41,2015-10-09,0.6905013360075585,-2.1703068432769586,1.3542420557736934,0.9854491317934034,-0.9588063131364354
42,2015-10-16,3.483786236599959,6.3339864491862174,6.154935345026155,-1.199316162128419,5.034862590289313
43,2015-10-23,11.339619555052538,-4.294425704008267,12.919598756345568,3.095082289566755,2.705631505867132
44,2015-10-30,37.493271241022775,-8.082439286481986,50.701085763033916,4.167879225607734,0.42313404356029577
45,2015-11-06,18.195921771379886,-10.170904059620769,0.14526635354991776,0.9682841558230848,1.7254204652989258
46,2015-11-13,15.251125272498655,-6.318804823050592,11.46125411956907,4.717481799733436,1.9533587093731186
47,2015-11-20,11.206701812025011,-8.587377437030613,0.6820989714467518,-3.6697258791151177,-4.010636020592488
48,2015-11-27,3.9237475125370436,0.7848506401548594,3.9084026222276775,5.776316034244747,4.673787015466621
49,2015-12-04,6.160313221488677,0.6237035788194166,0.7093350919232488,-0.785520349040072,-0.32907149042262995
50,2015-12-11,4.623584280769441,-11.0725018731543,8.876826298722223,2.0979829836994335,1.7742850953674114
51,2015-12-18,-0.4945482713457561,-15.91632986438674,1.0216511595631017,-3.807798417573564,-3.8037456672157206
52,2015-12-25,2.6763381660315266,-18.125837565556928,7.177485777839758,-0.0960632898323932,-0.2222111916738246
53,2016-01-01,1.9799010091976488,-0.6409678774141625,10.244409660168596,1.6352070470110114,1.9072291006755868
54,2016-01-08,0.07079271896954342,-25.234043593486607,2.8015570775271614,0.10704938495321281,-0.21689786572554492
55,2016-01-15,-5.257673871248955,-14.06193401581503,-6.223801298734079,-7.413013393946089,-6.731682097492815
56,2016-01-22,1.1734133432851213,-12.102360377801144,-0.47069131829646105,-3.769842616222239,-0.6529660970797924
57,2016-01-29,4.049824420275177,-5.792748061083197,2.3379593452291236,3.680828505688068,2.864667681243489
58,2016-02-05,7.694201719743726,-7.513577953741465,11.288185563373325,1.7530012364665715,1.2996408566204654
59,2016-02-12,5.9084506412777005,-8.301822227809732,21.758291298733546,-6.801399985103606,-4.746437336310021
60,2016-02-19,5.929389862304172,-8.73714669833941,4.335436206585914,0.07468590933955799,-0.22438262787351385
61,2016-02-26,2.720577504068457,8.029747537061432,-5.292319005528132,5.865263883072762,2.394212062793666
62,2016-03-04,5.697373366557509,-8.837670060144216,8.103460091269952,1.108452162653073,1.4710651768923677
63,2016-03-11,2.692023000116408,2.965802660114074,3.827025311431984,3.2783824947471545,2.631821732805457
64,2016-03-18,1.7246446340834876,-9.353108286202414,2.107474081988965,1.3006888706316566,0.8187932213207816
65,2016-03-25,1.195055927237929,-9.466968976004814,4.079861274385457,1.948205603818165,1.5308273620188384
66,2016-04-01,1.0746810854183453,-4.211271775767913,2.271069249000834,-0.514991504440101,-0.8405304087534393
67,2016-04-08,2.647028850570141,-1.056985890892017,2.0766629376490426,3.08821824461615,1.8771040014471407
68,2016-04-15,0.8685648521290169,0.7124879516976954,0.7590181551246911,-0.32811562163817654,-1.6263859756901478
69,2016-04-22,6.562273786354507,2.068927625557491,4.291729992816471,2.517036583826222,2.419433344766926
70,2016-04-29,6.631952478285212,-1.0184799865777627,5.3093935500441685,-2.3581627259941422,-0.5757441116184993
71,2016-05-06,11.12842904617975,-5.172749191244954,9.540024367286145,-1.8688702401150834,-5.722033022529733
72,2016-05-13,4.846618739115837,-3.918963226797596,1.5894235194414905,1.0297233315627996,-2.262696453236741
73,2016-05-20,2.483945346610934,-2.0613693054287063,7.8389788284206094,2.29589775302187,-1.3026995830805221
74,2016-05-27,2.3630203814996102,2.9385708435581748,2.8010915913799765,2.9958100083992263,3.3538174959779155
75,2016-06-03,12.338075646440595,3.233447372106306,9.253280326037284,2.9743999068009686,3.6268847941939653
76,2016-06-10,3.9561439226695065,-4.432140419592767,2.4253944288766904,-0.024927393887872462,-1.9555544501969369
77,2016-06-17,6.588876995235519,-2.120266315338175,3.1416437026229778,-0.2523257191378825,0.4633594734416735
78,2016-06-24,2.5897603243460354,0.6342280366203045,12.185286227895585,0.4546138750756845,-3.3780769768168617
79,2016-07-01,0.6613568513042112,-8.708709322753112,0.6715229720271804,-2.6957231881963017,-4.124476164682309
80,2016-07-08,1.2864993951463655,-2.746444258979004,5.201274447955323,4.769522831823183,3.456966646582025
81,2016-07-15,0.7811975768888635,-2.760664530341692,2.215844262013724,2.588758781927143,1.3370422029099638
82,2016-07-22,2.3945735689181102,7.92235264521949,3.126754199639187,1.4974038783784493,2.232852997309851
83,2016-07-29,0.9247910043120822,-1.247487197009034,3.662252008143336,2.4366479578167732,0.5224838333890136
84,2016-08-05,7.5045367517697965,-5.740701967998243,10.395973070183661,4.416580613625487,2.8021535560090527
85,2016-08-12,1.615231944029307,0.7757596127955124,0.2867792874860015,0.3852494052106459,3.0074596604453325
86,2016-08-19,1.6501551767335254,-0.8285804768017411,4.8816628158507624,1.8032472670292754,3.703778622374274
87,2016-08-26,0.27247972753315075,-5.152776679457192,10.424793644089187,-0.7749956659850454,0.9940325759118451
88,2016-09-02,17.966471085414245,-0.26528054762259307,1.0747629684959037,-0.3171110365450258,0.2515782083851059
89,2016-09-09,2.2238001091116906,-6.834521494861818,9.11356870292681,0.5562648868023157,2.372255200499418
90,2016-09-16,1.6724721711004207,1.5918645009450503,2.797303194014485,-2.467624543799558,-2.5394222122900456
91,2016-09-23,3.9552806083459773,-4.940164978808342,5.625057345840404,1.8946224189153766,2.6041610067534267
92,2016-09-30,2.180332049258167,-0.6162999165210661,29.149823178563206,2.5900348212226825,-0.3543939704872545
93,2016-10-07,2.4395489854414065,-6.573392024038705,3.5015324577607974,0.07292535100710706,0.35844206079312935
94,2016-10-14,5.107655648838557,-0.8869127379708661,20.671244429521984,-1.2226869773732396,1.9112841132348677
95,2016-10-21,0.35993001779087486,-1.6019551780144048,-1.9021158120340176,-0.34024374778964583,0.04565782554689202
96,2016-10-28,-3.8073214013879975,-0.6449464804328886,10.275477123677538,1.9042783436966544,1.743775372102143
97,2016-11-04,0.3050058878507511,-4.244399000427439,11.469277710664688,0.5396951393361071,-0.18563264488087317
98,2016-11-11,2.734826489918609,-7.744381444197356,-1.4646690397841917,-1.951737686274646,-3.246317198541398
99,2016-11-18,10.84009347862921,3.5323755920405353,18.43451765533613,9.687497259232675,8.503227699837387
100,2016-11-25,5.7339416331226545,-3.94459423249542,3.5103485481777463,3.4556469247345367,1.3039659998455377
101,2016-12-02,3.5262340507476653,11.013907257140213,11.587492665011274,1.6965840222980955,1.787535042391464
102,2016-12-09,-0.005124192269512306,-3.967627651538659,6.3935047049525195,-2.8252680348466974,-2.0234898819128544
103,2016-12-16,28.829055682311814,3.0217067363492434,6.809263042964978,5.84126608535414,4.709107746336345
104,2016-12-23,0.023473023868416654,-2.2855229140746003,0.4962766192708057,1.458391479757395,2.7974144729748334
105,2016-12-30,1.2511357191864514,0.2320602473539691,0.6804025924415555,1.6962549208385718,1.8353506151742316
106,2017-01-06,-1.0932331341154455,-2.383485583055239,0.4292136097370425,-2.100460255324814,-1.5957204238373834
107,2017-01-13,1.0615209054801489,-1.6738787224780904,2.177449620148102,2.0536237890016573,1.4211635950137147
108,2017-01-20,2.3629852217610736,-0.6534495418932741,3.253674055542144,0.7561146741196811,-0.21762263028535678
109,2017-01-27,1.2947366216518,0.4874073591439765,3.4662705938810268,-0.4336878674521061,0.07027351535881854
110,2017-02-03,1.9451680350383647,-3.179836677246621,6.577694844804323,3.5575451166384737,2.6210858879419874
111,2017-02-10,0.6304781952778837,2.0078289574924524,5.826206484453396,1.2402674764446542,1.0305263182791102
112,2017-02-17,2.3631582746075486,-12.580043626292381,1.9928064931576928,0.3138576707665819,0.810856558816193
113,2017-02-24,4.792189081607651,-6.180394075603999,3.585494493695305,1.836235965109094,0.5612144035834168
114,2017-03-03,1.7771707982841534,-1.8513510496351415,2.3538043776701945,-0.17413218929861252,-0.717143039371968
115,2017-03-10,3.8595323288951007,-1.6627734575613928,4.590461367776082,0.9129930220422254,1.6153491067866412
116,2017-03-17,-5.627786569558749,-2.9660519587240186,2.9071167963477107,0.9939952254858998,-0.25519171365004256
117,2017-03-24,4.294776764346353,-0.20655739928466374,3.0693391754355037,2.6444639125233937,-0.12609113152518114
118,2017-03-31,3.390463022976782,-1.812831298726263,1.474786854710977,-2.351456053414684,-2.349553160887667
119,2017-04-07,1.241473857565727,3.2335839293759028,10.893015386597083,2.3510647545406327,2.3843941646506206
120,2017-04-14,1.724775814190003,-2.6047719203395525,1.912367440660463,0.022820336794922014,0.8866992253943937
121,2017-04-21,0.3203892268970665,-3.1580100421326085,-0.0008438881959782485,-1.2603383100714338,-1.6981880258958348
122,2017-04-28,4.230405036343329,0.1477189980266358,2.894620071215919,2.4982391466074505,1.3178839926652741
123,2017-05-05,0.8065907272565888,-0.13058282896943885,4.567360792898827,4.279283558035756,4.318755615197527
124,2017-05-12,7.581702426579824,0.6748823360821742,6.551805412754604,1.3152841950151697,1.7717630107194204
125,2017-05-19,3.2757784041741145,-1.7812770247607013,19.41104577959212,6.952239673624698,7.700320687591358
126,2017-05-26,2.502483546704668,-2.5837749356312556,3.439826710803448,0.27225070283080066,0.27225070283080066
127,2017-06-02,3.6578071526124,-2.8020549694072683,2.6034012702870775,3.462675678782703,2.623740718939454
128,2017-06-09,3.3133257433915957,-1.7639601930264484,3.4256170446066614,1.5406319158236226,1.4781890834585676
129,2017-06-16,0.7573269290572759,-0.28609644533743595,2.1749753229547313,-0.024783035018920253,2.348757438033755
130,2017-06-23,3.4702512143049318,7.024722549787077,2.5364855051516155,-0.29135057673160175,0.2779351181593448
131,2017-06-30,4.76429821589591,-3.579051665651798,11.171230046837035,2.626527067657247,1.3787973620428118
132,2017-07-07,-0.1341500094628456,3.054253574131227,3.1768615750635947,-4.975199797279101,-4.975199797279101
133,2017-07-14,0.48220706033360816,-2.0327989277585434,2.3434760979931175,-1.8933383963199213,-1.230811828202445
134,2017-07-21,12.061327008166284,1.3313290784059828,21.218946461795475,5.664460898996696,5.595804261205091
135,2017-07-28,2.3432120983326454,0.7116157343383178,6.463298009529521,1.285607527789212,0.364951586346145
136,2017-08-04,1.9274662157276023,-2.933019977947504,2.548600962462875,-1.4975559197713384,-0.26561241382931033
137,2017-08-11,20.91421238847077,2.0493778844586896,18.729260234642418,2.0184875914711498,2.813865168593339
138,2017-08-18,8.245952915289873,-4.280398689762461,8.686200026621844,-1.6978053365580492,-2.1750141618693335
139,2017-08-25,-0.427998901704707,-2.0010544097041394,1.4277943342298862,-0.03424324448652705,2.676261648214573
140,2017-09-01,2.8752534806706675,-1.7141137241238755,1.4877183401751948,1.0076669625292123,1.3501894096142686
141,2017-09-08,6.1888962191826735,-8.70018695451159,3.60341475330588,2.68878174322587,1.6512990191159482
142,2017-09-15,2.186871816155209,-7.304113233042419,4.5441574259429265,-3.099817169429504,-1.5456300287885358
143,2017-09-22,20.31492184470153,-2.9070348003473967,6.356272328854438,5.452212157021539,6.497510035073546
144,2017-09-29,2.131724467500688,-2.3460255183160035,3.185784116460677,-1.9309965640032067,-1.0273402314040303
145,2017-10-06,1.2554674373633645,-6.641451276580571,2.914199725678623,0.6133267306966349,0.13275851295745822
146,2017-10-13,14.671875106834392,0.00992921835242031,4.805900254708266,2.1830316279055673,1.907178124520641
147,2017-10-20,3.787570163602583,-2.207873751776752,-7.811707958911922,1.5407953744797265,1.0278518860146502
148,2017-10-27,2.445593184653103,-1.532345605004941,2.149651139019833,0.5618785150897911,-0.06897014722111461
149,2017-11-03,3.5419899398019723,-9.450469727422355,5.939946578480542,1.062544461501473,2.6091831327343673
150,2017-11-10,10.514588438235258,-4.097642714699579,1.817409834477246,1.489591563967623,1.617684977413394
151,2017-11-17,2.525851144918203,-7.66478950675872,6.091795111089418,-0.191366112947411,1.4616934717792396
152,2017-11-24,3.323475377720375,-1.3793108640871865,1.3566726490923542,-0.23902807923057878,-0.45934221667428776
153,2017-12-01,2.68492168058597,-1.6439137533403758,3.4457859191989124,1.6475019976483196,1.9088118585656624
154,2017-12-08,27.866976056715817,-7.10445472112726,4.495464968829198,-2.166575765933443,-3.3292746102847914
155,2017-12-15,4.440892798146834,-1.9388546127261441,6.277921445948124,0.8888794154436107,1.3526347231274058
156,2017-12-22,1.027303966903208,-0.468360922756086,1.0842294421687408,2.7720837980431496,0.12498458807288504
157,2017-12-29,4.3939593577727765,-6.003423099728448,5.952402050625518,-0.05381499853346572,0.4049388249387009
158,2018-01-05,1.1946114189723689,-1.7626834168383172,3.339705840718301,-2.223847785783046,-0.8672479870409354
159,2018-01-12,3.039327131996765,-1.4733440281367227,5.736545967866639,4.91033960345141,5.193223411794596
160,2018-01-19,3.256004928109834,-7.4906981542846225,2.3502347725999977,3.1139586910059203,2.6472209791435164
161,2018-01-26,2.277507367644909,-1.6696514769569015,3.343625921055282,2.182286669399325,2.3842123879214094
162,2018-02-02,4.804199624267771,-4.311108356872808,10.488639709232473,0.937013868757455,4.115135037081903
163,2018-02-09,65.91813433118713,-13.29755570131864,68.5367188112289,-3.2805425113463116,-5.14219440428306
164,2018-02-16,10.680329432998125,-1.7713261258073398,11.191326386083402,-4.840014295233887,-4.0069371479438125
165,2018-02-23,3.4452862081332025,-4.985324838035599,4.161864205419789,6.85745121438508,6.552134348426897
166,2018-03-02,61.69243439155623,-7.367679457277677,3.507165730835213,2.2627152491839198,2.386190001511306
167,2018-03-09,7.2285583140069765,-5.177244043271483,15.521460117267157,-2.669823345001512,-3.7115369850355924
168,2018-03-16,33.137520685987866,7.734953015562361,3.435007810661785,2.8895895803887433,5.118608532580273
169,2018-03-23,17.013576269881135,-2.5928130946216887,2.1024093166777913,-0.9090442778371433,0.4319247136926996
170,2018-03-30,0.2696012424684402,-8.644794902049261,-1.235920897758187,-7.975966416878589,-7.907636401406452
171,2018-04-06,1.4285771829798266,-1.2304359411389254,1.7614511673322397,-1.36040097174275,-1.3022082251097644
172,2018-04-13,4.677119115899826,-3.9171734866982417,2.365416856177691,0.3469797849757562,-3.471143210937462
173,2018-04-20,2.578920694574527,-1.127679511649515,6.888766800216364,2.990247644926933,4.07930936757066
174,2018-04-27,7.756666633476703,-3.1153523863392545,4.785229913803091,-0.7872290669661751,0.07894758257109843
175,2018-05-04,7.822981357848633,-5.134536316166559,3.103090485543421,-1.2263948246393765,-1.3714323579582066
176,2018-05-11,10.824068283592513,-1.7791750568318014,6.184615587733531,3.5646611031081066,5.507307124484857
177,2018-05-18,67.31914937608946,-0.6337002235946931,6.193056368856398,4.425994354477569,3.9411645285706953
178,2018-05-25,11.717912986803254,0.1671058313068528,17.842237998411925,-3.719568679583669,-0.10619774055549147
179,2018-06-01,6.756549023601304,-1.7702517715858737,11.148457216698517,1.232449936593798,1.516552865782712
180,2018-06-08,4.568558270576211,-4.064804144936432,4.926512213790458,3.5299655523732425,2.796228517449295
181,2018-06-15,4.800414592344717,-0.9085574156585728,6.010319171116781,2.2703439549375637,3.550120979155254
182,2018-06-22,10.36679124828924,-7.939505824920879,-0.8313050990361927,3.508444082915625,1.4150705506065122
183,2018-06-29,3.1665623555471534,-2.981592981013283,15.028761646231633,-2.635649378836775,-0.46545241702202755
184,2018-07-06,7.041151923601634,-3.6331919428794217,7.088847208507336,-1.9157918044579136,-2.2325755304793105
185,2018-07-13,15.619170894849859,-0.19843528293104643,9.616347039901557,0.10195591138125515,1.419162695179761
186,2018-07-20,5.727719627891377,-1.0365676600468543,6.063304871093567,2.8716352216360486,1.1257064042819165
187,2018-07-27,4.900172965187974,-2.8608038256551387,2.892147727705956,-0.3687295399825241,-1.2321677719304658
188,2018-08-03,2.013488839264717,14.476806935868236,4.057665862136098,0.8190348087491153,-0.15486110152555171
189,2018-08-10,5.544851246432868,0.43711715743494084,6.444220340760313,4.745303134648113,5.998831064398497
190,2018-08-17,4.640624916580716,-3.3798570430717474,0.9116412425301812,1.118617706893823,0.7996471231621904
191,2018-08-24,1.0835217123422458,-6.037192108941463,1.9931006469875627,-3.8041817707929226,-1.4912972160683147
192,2018-08-31,13.449212648572285,0.10579191717250405,-9.708811951068895,3.913430660293482,2.0255499870157267
193,2018-09-07,1.5954430132380426,-15.651608266533358,1.3855685736814283,0.3648602402995893,1.534560412298651
194,2018-09-14,1.3052854485881515,-7.4167435245357725,1.076610661977917,-5.48811220265971,-5.37674494026936
195,2018-09-21,2.2450656449945283,-0.5624112918350188,2.995910329862048,3.1327861097801213,1.5818513478784002
196,2018-09-28,1.3504601874551914,-2.7600431014216857,0.5560478587641304,-1.4364042050541381,-0.8919167254962665
197,2018-10-05,0.9089520736139732,-3.4266373449548437,-0.15861222420058496,2.1304820694440973,-1.649660016475989
198,2018-10-12,2.9040183093435257,-3.1563962057599726,8.724887439429544,-2.7796031438834667,-1.171873770891083
199,2018-10-19,-1.4035442501194328,-11.481647523342492,-2.335440210652635,-3.353683942023866,-3.9148493727471716
200,2018-10-26,-4.1591225770217495,-4.339568533956988,-1.069335685282155,-2.0864822365683033,-0.2152784324318957
201,2018-11-02,13.114023580863034,-5.133552770072065,7.427955915784873,0.8971300469324894,2.9634261871791345
202,2018-11-09,4.740411304031169,3.7419360913282724,4.270116711363214,3.0959270892711492,-2.2612216933379825
203,2018-11-16,4.0773648811335494,-6.3883074925329,-0.3181935110595706,-0.3212644549841759,-3.304230652625504
204,2018-11-23,2.1790443026827777,-3.997767111390334,0.22569140994169734,-4.757738891525982,-3.5609260834758407
205,2018-11-30,-0.5798402627934007,-3.611191901309037,0.21548800327025885,-7.544443611530281,-5.411797617241625
206,2018-12-07,45.889619029094156,-4.831769117886123,2.801945859821642,6.952044903670168,7.474254812201413
207,2018-12-14,6.464826496778305,-2.647483615705208,0.39562973092482456,-3.7278904764980743,-2.900083317607445
208,2018-12-21,2.8744060136656473,-18.950384965442282,3.5643634948152902,0.6642150078449127,-1.2641444768114998
209,2018-12-28,3.0210453402804367,-10.794789038874416,5.732928891155802,-12.29002653303715,-8.656899048856653
210,2019-01-04,3.0360408498582814,-7.618844434401136,3.224554327778275,4.269998139881137,4.979130537644139
211,2019-01-11,8.012014453299846,-0.5377299081453922,14.135616316377973,2.23921682451941,-0.03381736321276243
212,2019-01-18,2.074363858589874,14.408696897477387,4.727493679178285,2.8887993484924257,6.269086286499447
213,2019-01-25,9.803075163422754,0.9855459857758063,13.901597170134782,-0.19724558886983418,0.553774409665342
214,2019-02-01,13.38820805803572,-7.15789822392007,13.699273010603136,-0.7078610965404231,0.05121866803413866
215,2019-02-08,4.29760309359573,0.9301711098512321,9.818191411644154,1.1183267823845822,4.324097381638001
216,2019-02-15,3.8454638865142883,-1.6078785833862774,5.97187458031702,0.2104956294463789,1.9016707092690077
217,2019-02-22,11.126565298636805,-1.8456567807567836,3.8351743191245986,3.3481012033994872,2.0952365985283694
218,2019-03-01,6.442726140749886,-7.2241920383443725,8.541317277773818,4.630106778994323,1.279284970016894
219,2019-03-08,8.861095038981892,6.309377413643987,30.057295279786864,0.384437941601361,2.5856358367339016
220,2019-03-15,2.6170714790618055,1.0771600081931392,3.5242727957845688,-1.6521823047592754,-2.738555681468216
221,2019-03-22,4.030206498591328,-3.102411035202286,2.8273604270985047,4.89923069295107,3.15282206618676
222,2019-03-29,3.5054394297173297,-2.0932541867146597,-7.190121657030713,1.290781975319175,-3.3692777308764184
223,2019-04-05,4.647061096615949,0.9789025645284914,22.024481343010066,0.2325261806966994,3.041406578980035
224,2019-04-12,0.6341832295284178,-1.6070055039911058,0.5526016829832692,2.824920726405083,3.1010455950554854
225,2019-04-19,1.003747407042379,-2.066586280924485,2.0200999425625943,-0.07285206909027897,-2.069494674191188
226,2019-04-26,0.47197544484272713,-3.0288932915640814,8.345404540545632,0.628861929011355,0.6246837916043524
227,2019-05-03,1.6767172726443456,-5.194645748436764,3.2887030817490404,-2.469788288865497,-1.57237093381434
228,2019-05-10,1.7028510161228139,-4.094233193477267,1.8159895645380921,0.233586652068829,1.2722400141249168
229,2019-05-17,1.4836348153770729,-8.826830195513274,0.7135685347421794,-3.7976153331637463,-6.8840918111142
230,2019-05-24,6.391312228209981,-6.342971272944725,2.3473652967010272,-1.8808285382743795,-3.826713042753711
231,2019-05-31,3.636870574962154,-3.783561679884298,2.105904166157888,-3.3610973957992534,-5.384411885027125
232,2019-06-07,3.1963514098687207,-8.784006544169804,4.196648541658949,-2.3492033656452356,-2.8409065339336736
233,2019-06-14,5.040550478154571,-1.0082661191593179,5.026888536635443,2.795407443031319,7.8063450008145185
234,2019-06-21,-3.8870119479904077,6.571448356138175,0.7218212675279979,1.222637308575718,1.2383491638991506
235,2019-06-28,1.555504615718739,-19.266135075495146,3.261336343039356,2.987293284271595,2.8761161337132513
236,2019-07-05,0.783926557294754,-1.2822863713601085,1.0003287836825892,1.5965979337295577,1.171336639841014
237,2019-07-12,4.079468263718313,-3.3199067456421405,3.4061333344943905,2.1303359347342976,2.7038721803255945
238,2019-07-19,2.106263965873643,-7.472718253669126,3.942929787309513,2.223110989513921,1.2161227198155111
239,2019-07-26,0.7331485166052708,-9.09360797465151,1.9414660946214224,0.5988891927703643,0.96356216384325
240,2019-08-02,4.2352629287937305,-3.4970865814442,2.02532455532646,3.0991309238580826,6.1521466209347775
241,2019-08-09,9.210394828317602,-5.8815932539590134,9.587645705159138,-3.0790835965603858,-6.628567740537841
242,2019-08-16,7.608837015829559,-8.413368355886023,10.075704526411085,-1.2589866833378616,-3.7402646048796884
243,2019-08-23,3.6627590757494177,-2.3293665429357184,-0.4238296041174594,-0.3745847851963056,1.8534427807441767
244,2019-08-30,3.115629263392745,-2.659566026415477,2.8577464339866787,-1.6709740745186807,-1.2758349119160362
245,2019-09-06,1.5324938087630668,-1.3186544132839062,11.895464760445808,4.056714628702798,4.711182258603013
246,2019-09-13,7.054309310014477,-0.18104729537435454,3.5519205176533246,2.4748244455570445,2.07215628087003
247,2019-09-20,4.731694891176843,0.5857375138952502,3.376664521567399,3.577660351344356,0.1505157832817819
248,2019-09-27,0.9078636457865086,-9.95891777866303,0.38699873183552835,-1.8033828092140758,-0.3769110710357282
249,2019-10-04,1.5033186697009526,-5.532001847671857,-2.893631712400957,-0.024025733548911354,-3.187206166460048
250,2019-10-11,0.12896774566454328,1.795482495278375,0.8161663843755118,0.5463785489342676,2.988628831354279
251,2019-10-18,1.506492625415885,-0.6840183583241144,6.45844071997251,2.8599781010278225,3.5035782104265083
252,2019-10-25,3.156231005276768,-3.4769387608163767,0.9824361344686382,2.1982597369949852,0.6386996371963938
253,2019-11-01,0.9096636339216602,-5.315096498581158,-11.266481326762579,8.510938019709965,7.648341512833667
254,2019-11-08,7.1648399705881305,0.7753476753425683,1.7548126559407293,-0.08264891246390285,2.1267796287204677
255,2019-11-15,6.8458437222742985,-1.6213951352720255,10.641711866231054,3.6009148475343133,-1.4865600911935233
256,2019-11-22,2.9031794520287124,-0.6401133689120586,2.084120927071873,1.711483708900563,7.319754283281732
257,2019-11-29,0.9033592255490875,-5.130778226191582,1.1083324873487466,-1.9198994478142795,-1.6604333707123977
258,2019-12-06,2.4140687633712132,3.2781622912902897,5.013909852511933,1.2488398802847578,2.4220821532608854
259,2019-12-13,21.961177919782934,31.205131558912946,53.15282845910561,1.2858039441272084,-1.6222034106473693
260,2019-12-20,1.3553747852793674,-0.7852408651276167,6.016000874607619,3.0012098262230413,2.336631124706625
261,2019-12-27,6.687407686572735,0.20048778194186054,27.641849804032535,4.409813418517237,4.391037000668461
262,2020-01-03,36.29300240802719,-7.365265360570111,5.1311061871110875,1.8397243858837964,2.524518981509054
263,2020-01-10,1.19406977221733,-9.183531146992639,0.30330279204512367,1.2772634330460964,1.5439761480713843
264,2020-01-17,1.2731710053879541,-2.8771235787309117,10.638550559161098,5.158698077187038,4.28905733427621
265,2020-01-24,2.2687590331455842,-0.3066317496567784,3.8696605991954103,3.7168351832339668,2.5750543213864585
266,2020-01-31,0.23615488206013113,-3.73819371100078,3.6288527407395414,1.83275189442341,0.7432401367628307
267,2020-02-07,3.4693406950112005,-9.066322802918055,3.606832511678782,0.46322877142863417,1.0808578357122456
268,2020-02-14,2.2914614863226523,-0.500983379132693,6.641208390047649,6.282875357690459,6.516619444403292
269,2020-02-21,5.480367236403967,-0.9052884592700062,6.953573531019908,5.830293911329352,5.555390855984648
270,2020-02-28,24.308213581759315,0.18929107726696426,1.5043399326726294,1.1540654850875385,1.2059700077936462
271,2020-03-06,154.05444746829997,-10.800194846470543,31.55548582168795,-13.137213316498151,0.5334431855187092
272,2020-03-13,13.085803216260132,-3.888462719545822,6.1900955511160145,0.649812316166658,0.6251766883214006
273,2020-03-20,1.651594601459653,-15.747048746327454,5.750389503714443,-9.588764181548271,-15.400796783626376
274,2020-03-27,13.446464746620995,-12.16108505591588,10.161214312864264,-15.600243850744107,-22.03000538680481
275,2020-04-03,6.362026103863537,6.78725490049627,5.541346199209826,11.745988212619842,25.131643942886775
276,2020-04-10,-3.3292104556543656,-11.724388936382587,5.461534452727678,-3.09198545169171,-7.992917406567623
277,2020-04-17,-1.9165187502095662,36.47255594778534,12.503997811281778,11.79088802391139,10.823955688066533
278,2020-04-24,15.764838288425121,-2.6986022404458265,18.16411762636532,12.038886889264502,20.073558642464018
279,2020-05-01,12.58541995741401,-1.4945364808374184,13.279397960879999,-1.0361395285842678,-4.527995768665807
280,2020-05-08,6.157794783709379,0.0022276821835287564,-2.1704483381218953,0.5871836102718887,-2.2442505555004466
281,2020-05-15,13.567122191652182,1.469120758268505,15.735781945143605,9.028805560286305,8.611377938913606
282,2020-05-22,67.05905967809073,-7.960598386761634,11.25131297886389,0.704363964827146,-0.6808581775860303
283,2020-05-29,-11.662974031685645,3.5487711059569627,12.55143390231343,3.558744633994948,4.962096741260405
284,2020-06-05,9.755238319355794,3.6463957933336366,3.4799784851497684,0.5993657791697671,5.322202436060226
285,2020-06-12,9.841456702100814,4.216032386318977,25.03349683394747,2.4820182482296493,20.678462504324806
286,2020-06-19,11.664546916705252,-26.45476804144289,0.6791796895704352,0.8620512709319428,-0.311485809300418
287,2020-06-26,33.992520097453436,-8.131033102241869,24.116303822986197,3.212206376026905,2.213349654000929
288,2020-07-03,8.506850935478399,-3.444123676597806,30.33753394384337,-2.7033726282550856,-3.7365931190745854
289,2020-07-10,5.41744642441237,1.8055935087175201,12.314859908429128,9.89646713355467,8.78090862384764
290,2020-07-17,14.37342682899305,-21.081624582133554,24.109250841587848,10.430475993662007,11.522612427956048
291,2020-07-24,16.6972598590562,3.093295282673112,26.57755735627748,-3.3626718657738452,-2.3867668125242236
292,2020-07-31,6.865328543525908,-7.455335914938007,-2.165560272084806,-1.9141300080954604,-2.266859409413166
293,2020-08-07,49.86818945642496,-6.5828228724090705,12.976256184856402,5.608851786155915,2.3135402648315284
294,2020-08-14,16.33385592410516,1.4113884731311166,16.750469540896198,3.0838847360997645,4.0366552621715
295,2020-08-21,-0.6948991557486714,-6.470253803885835,24.447500268834723,2.9985289486743794,3.4917526595223736
296,2020-08-28,7.154351160843469,-2.243393229524364,1.7249713216523248,10.057481751760893,7.270615436276209
297,2020-09-04,60.42049505738745,-0.6886036261275441,4.267430324526358,3.6166844386363373,4.804547404887041
298,2020-09-11,-2.7039557959357348,-2.037163058305891,7.4203234047844955,-4.432690835200654,3.490563735108028
299,2020-09-18,4.956662768283939,-3.955418716101069,392.36917902511266,-5.582335444894954,-4.506308856122664
300,2020-09-25,5.170396477867301,-4.594268810121314,45.217589734506575,2.4780672306358476,5.868618937338228
301,2020-10-02,3.68824186492648,0.977801777269962,2.8882428819696644,1.2030921687788791,2.566167850059806
302,2020-10-09,7.415668954721799,-0.4217815179691044,14.85355616172563,2.4846658158989676,1.490449052599532
303,2020-10-16,8.453324206319234,2.8516259272138056,21.90536433356999,4.7640404872589,4.828391582208086
304,2020-10-23,3.690716959846694,1.4366781793436445,-3.8419487662914604,0.9200818322967109,4.002125270027785
305,2020-10-30,14.08685952616177,-4.0027281165759,8.089003552045604,-2.4275706654747253,-0.15801260674882975
306,2020-11-06,2.0734533703098057,-8.461071815653472,-1.8582686456214437,-6.386340783553157,-6.9925813482704795
307,2020-11-13,8.44008165744591,7.6096353041492195,8.660814107247141,11.56024212925909,8.62954328577086
308,2020-11-20,8.570721547185702,-5.835549119417847,8.053805198856702,-3.446229001179371,-9.107264247869907
309,2020-11-27,1.0740917456974866,-2.459922547746558,10.240661811067415,4.471522367890709,5.878509715746178
310,2020-12-04,-13.548526629785501,2.5611835351556733,7.5980685361488,5.578647678657129,6.228270522255366
311,2020-12-11,6.28873726526114,-6.102775496250301,16.020611973739797,2.906548193633496,5.442434682210342
312,2020-12-18,24.551323501491176,3.3885564820443186,13.68093430238019,-0.5223476901057934,-1.4547809194010153
313,2020-12-25,7.773252594896663,-3.582996859089179,4.703467915392023,6.1635924722204605,5.112929910201653
314,2021-01-01,3.512733488608572,0.7917538420494783,10.294974950299016,1.2946846618565133,-4.979348602788785
315,2021-01-08,1.1359907219501353,-12.637497492859215,0.5344979165148733,0.1777853687851838,1.558072307868179
316,2021-01-15,6.687726690774935,0.8746202586395576,7.690434536330244,28.55427285747237,17.590217101712174
317,2021-01-22,24.85994601163415,-8.193212293745757,43.61751229706065,37.82866456137219,18.155013476084445
318,2021-01-29,20.342157352382948,10.940462254805741,98.62844955626701,19.934715819337097,18.96985215087819
319,2021-02-05,-0.8139374200280376,-5.284691309605508,-0.836913259143377,75.90022048568632,76.881271690412
320,2021-02-12,26.498199201648,-25.453908946634755,70.8052656271595,8.609696556547508,14.582131386985996
321,2021-02-19,22.075365001723537,-14.537873054358627,17.56052251610102,8.494565974258009,23.18076793212151
322,2021-02-26,7.6457321654236186,3.9667569581866564,1.8131015417646807,-8.476793066490336,-6.248214151580018
323,2021-03-05,20.066347031316262,-11.628283233926663,8.523807697571446,20.875878921564226,-9.664273020389045
324,2021-03-12,6.779498810142189,-4.641418754678572,5.516513210456284,2.0173452661461235,5.53913694330262
325,2021-03-19,41.66266143903597,-1.047478349495179,18.95902642780502,22.79663230725575,5.009703216653724
326,2021-03-26,6.9952676306096135,-4.318724209476645,2.399604583933466,-5.853823065938455,-2.674045860893179
327,2021-04-02,1.5746324140598311,-7.428217225364198,6.951503386543538,-2.757650844167732,-1.97819385449451
328,2021-04-09,2.6892352240255413,-21.757937324585882,0.6835678259634381,4.775038531444165,3.581882773983152
329,2021-04-16,7.670941796008309,-0.6203790612890225,3.7129432221511793,-0.2642149953112293,2.79828985319309
330,2021-04-23,14.696221656728117,-3.904382097267805,3.646178265292621,0.3182356212990435,0.09980884811719548
331,2021-04-30,5.9912018274839145,12.487015898033873,4.700934765214353,12.266834647750532,-0.7670981744852633
332,2021-05-07,0.2570740206907529,-26.354988144007894,6.355570940889675,5.694506153149414,-2.4210502302085652
333,2021-05-14,8.92955907075601,-5.376085418681381,8.454838985518807,-6.15137366977653,-1.9661660240450307
334,2021-05-21,1.8214991970701355,-5.103269733309361,0.9811194796249412,-4.512276729711164,-5.678381575666522
335,2021-05-28,0.4971412113268858,-8.722128003309212,0.6954683878881068,0.24710630558008262,2.7936339073120386
336,2021-06-04,0.3624199051350985,-2.8812920494191396,0.9989216795968314,8.17697837245297,4.180739086362348
337,2021-06-11,30.22566768685565,-2.4255525900457235,-1.9481265364091673,1.4886160361500724,3.7185617822464563
338,2021-06-18,2.794299610802397,9.094907249732454,39.40241831931466,-5.188981994801464,0.689600539606976
339,2021-06-25,1.6286139197768918,-29.401161181897525,-0.9484407468020617,1.0952346847190508,0.9087595101723032
340,2021-07-02,14.502674914582595,2.5914193645086026,14.658371724069564,9.268519161385136,13.700578140335551
341,2021-07-09,7.155136409099123,-8.34852320227832,6.199181814299514,0.0038519495583376083,-2.0964592525943866
342,2021-07-16,2.093275784726367,-2.052655194458295,3.937054258593844,-0.9314351812529932,-0.049501266984834924
343,2021-07-23,-0.19303974721228467,-19.679698322307523,-1.6772631597837862,-4.83272048375198,-1.35700000939067
344,2021-07-30,2.310288349544276,-52.88603306856538,4.349354749306609,2.5336633250341256,5.14137539308499
345,2021-08-06,4.227639186792717,-5.42113413766156,3.008965137181641,0.6256629651489787,-1.1571871961654057
346,2021-08-13,3.1717682393582303,3.3711028370910405,5.568969626487506,5.6650096020418905,3.3100557889246125
347,2021-08-20,1.391794044168777,-15.009031048110206,3.0042120146714124,0.36488761212680954,0.24902314381149537
348,2021-08-27,4.4407549294351245,-4.96255343359571,1.786281922054951,-1.458022137200512,-2.027132987700606
349,2021-09-03,3.6491060214852444,-5.336843248119183,4.078308604444297,4.442633313337905,3.8827778919917044
350,2021-09-10,3.2757909349660834,-17.543562401111153,11.467098161520699,0.6876954283684023,8.929489713768952
351,2021-09-17,1.906094892157735,-2.534551336640809,3.887810140494165,-2.070544053467369,-0.8589758298852624
352,2021-09-24,1.1015392229802612,-4.186651317605144,1.8931282119006656,2.0218273249628345,-1.242770350766531
353,2021-10-01,4.7158152965639575,-3.4322598944707154,4.274607000887447,0.4764756978777095,1.0417587717023702
354,2021-10-08,22.563685215174967,-1.54362094372688,6.350628099058226,-2.7873283475725508,-2.4292660540597133
355,2021-10-15,3.3443984825946655,-1.171632587200375,-2.043113200813951,1.2286583180602806,3.262983762530136
356,2021-10-22,3.8764876893487825,-6.690683957647825,4.101477147212738,8.13999169770446,3.2245538188402008
357,2021-10-29,6.052801552065913,-13.992627086668435,6.945561208998927,2.6355903799926432,2.3903365165533508
358,2021-11-05,13.872887767158097,-27.60928434189311,10.727473121374995,15.6914846266055,8.933976566103548
359,2021-11-12,20.44179756301569,-22.976287177567674,51.96836949409053,2.3996424009152273,5.692101483815632
360,2021-11-19,3.1028893593421234,-0.22604044050109215,11.254784730123296,-5.628314108876664,5.777965753509715
361,2021-11-26,2.3445685313223383,-3.435446793762888,33.63036821259903,1.9835460283728665,5.5854129366595995
362,2021-12-03,-0.9966761707446746,-14.91464735669716,0.3964122762830369,-5.465922904814508,-4.236119367564961
363,2021-12-10,-0.6850958854870248,-6.747594943701901,1.0525875649862848,-3.9836117232033814,-2.0217992555465947
364,2021-12-17,1.9415328707440478,-21.09234951632918,7.418289976402708,0.7669928966676196,2.190223926995618
365,2021-12-24,0.5452410492939586,-12.447390460623675,-0.33614491824062853,-4.873327815692288,-2.4839241232085714
366,2021-12-31,2.484598819790098,-5.628248625746137,2.7810869057088583,5.281781146649589,4.975792611985585
367,2022-01-07,1.9588666582347525,-21.607083529328925,1.4140794101429832,-2.9983943673400937,-0.4588584092029735
368,2022-01-14,-0.30137720112537014,-4.190107790782834,5.183363071943795,-2.6896344098317138,-2.4866451776737675
369,2022-01-21,0.518542790177996,-6.861057274403709,8.601090151139545,0.741271566609023,1.0874890165492568
370,2022-01-28,-0.06816776511240574,-12.168843946470592,19.898970715117706,-11.707685270769764,-8.018075192741541
371,2022-02-04,-4.926495534997286,-8.811696226227998,-4.097219432594857,-2.101197413577345,-2.1468791688387574
372,2022-02-11,1.9083741016637787,-5.3787783995394225,4.336623271861697,7.4452586021994325,6.332200044366214
373,2022-02-18,3.0391091330478126,-5.979454243153482,4.494158955708238,-1.0901357987374438,-2.712092067389078
374,2022-02-25,4.180740670375593,-2.6419683645536063,11.730104755754539,-3.0930329601448197,-2.9469148192738226
375,2022-03-04,4.8169513981644885,-10.441553715562643,15.62094274874637,-2.752996902132787,-0.7490740582075661
376,2022-03-11,9.757177797352133,-12.558977722290923,14.972897516515435,-6.5177228871218205,-2.2526295846022126
377,2022-03-18,0.4111561422953458,-15.02294448482031,2.5969939725322577,-3.7231769197720794,-5.798627683632115
378,2022-03-25,0.2015638032036038,14.871297545797171,2.6337937059597527,19.543917031818424,13.845170681273723
379,2022-04-01,23.434709671312014,-7.434796677365158,7.75204502882129,3.6682576061614207,5.437746429742152
380,2022-04-08,1.9594416511795232,-5.327132679921298,3.111159907117864,-1.6200774872172374,0.8902294632983798
381,2022-04-15,1.8111331902702468,1.231650314288064,4.927394367975359,-6.926255356050987,-6.1944478175625655
382,2022-04-22,3.774775268408997,-1.7994897921415578,3.5630150130604066,-5.37409825573484,-4.9564757728999105
383,2022-04-29,-3.7561538817178564,-9.329983261212044,-0.09362600467338389,-4.270259010375792,-4.660880847524725
384,2022-05-06,-11.007427783316063,-4.45018394435545,3.474081311673023,-6.927200131801463,-5.877025428687452
385,2022-05-13,60.50394377641228,-5.879092975193825,3.114401831376987,0.7212113205453651,0.41059396779752344
386,2022-05-20,12.542773121396635,-12.395402127637713,12.203617221127002,-6.32353951242201,-4.34989433338365
387,2022-05-27,10.145298654217818,-11.367533636106348,10.768216873868287,-4.6909009544251745,-7.651289522152515
388,2022-06-03,9.418217565036786,-25.86702142505825,4.598967264615549,10.473184424617987,8.435437106168777
389,2022-06-10,-15.232167410719658,1.8520470309021442,6.884594728116879,-3.315247086978425,-1.789337606783037
390,2022-06-17,14.582212117794393,-18.84302095348976,3.7106863486580712,-4.932986998068486,0.6494536195944314
391,2022-06-24,-2.368515561771728,108.01535520314994,2.731956702916785,-4.279556857358105,-6.077956127315508
392,2022-07-01,12.260016543802312,0.828041695236057,28.04735526728549,9.026636442109615,9.776256704214731
393,2022-07-08,18.777055070216083,-6.475198162660317,16.424867511471206,-6.107886504076719,-8.088118227977326
394,2022-07-15,-12.12330175595233,-3.2434871472750233,-4.89791212867639,10.812089021875433,9.031986611193437
395,2022-07-22,45.83693941459609,-16.92133669402548,30.26454428138094,-3.5888033730694593,-3.024725239491648
396,2022-07-29,5.888231167083484,-7.0972102222588855,12.91707926893136,4.5923143025995445,4.127289583118436
397,2022-08-05,41.04645799368059,-23.47536238485477,9.261674638931199,5.535378730589091,2.8495103240988096
398,2022-08-12,26.013381761963338,-3.9444177677424586,13.450696028684192,2.9421953347034657,0.4898642803668297
399,2022-08-19,11.108632783278077,-4.417527784275715,4.8173723840805405,2.5828939389398453,4.3390245620763395
400,2022-08-26,5.570910254011903,-3.4877498396412854,-0.31990142156792745,-4.409212897519568,-3.030390815729313
401,2022-09-02,39.516745039238046,-6.1668114366319315,17.811588874134014,-2.5462092707599027,-5.144281257341303
402,2022-09-09,1.273215771286178,-4.979105319511681,17.015237048108936,-7.947292042823674,-6.332086678177885
403,2022-09-16,8.151739403013062,-2.1738392229612846,11.351928612813618,2.5511958447964544,4.070015468097696
404,2022-09-23,-9.25943274369588,-6.159111014501155,0.6478317446318638,-4.6416774445944995,-5.132743489566063
405,2022-09-30,-0.6788467543736224,-8.873442651640579,-1.998583696429029,-6.8315955272584485,-5.719587579013227
406,2022-10-07,27.25320679803481,-13.194979543898976,27.252243161416747,-3.853146306415769,-3.2226828426311633
407,2022-10-14,24.402415483386907,-8.677309102484804,-1.1937061670727833,-2.4713513630174577,-2.734947808801833
408,2022-10-21,2.5737478390812636,-8.374452886560473,0.14856551523291656,-3.2214009970074975,-4.180975127109239
409,2022-10-28,2.533553978833053,-18.38419882267142,3.0486389269879766,7.008567495538675,6.245559752843869
410,2022-11-04,4.306760628636028,-0.5783519024166074,11.976473510746857,7.630863436117194,1.3624440332040422
411,2022-11-11,-2.4942610131798526,-2.940981061966428,5.949225404175861,-4.4180015436877,-6.067673988116267
412,2022-11-18,0.4625108607529127,3.9878101299088615,11.019217555445668,4.166084086626094,6.543128094470582
413,2022-11-25,12.903814660041107,-2.692161459742306,10.268193159246271,-2.0083648413357813,0.10979368933153211
414,2022-12-02,4.110795085266772,2.7647423422418176,2.9514751521582006,0.2315341387514412,-0.23791858867710616
415,2022-12-09,32.31807079366951,-2.7322692665041615,-13.845334911990193,2.3011016639835824,4.003443006087791
416,2022-12-16,12.032673438874935,-25.55103657890492,45.3832927463082,-7.7923635089233585,-4.904946675883759
417,2022-12-23,-18.105592613884358,-6.588268361750574,-18.791286227342006,-6.838658488546928,-5.829933411292518
418,2022-12-30,40.07103859015145,-7.549453532444739,43.19113346532959,-5.853114704405075,-5.179799452558444
419,2023-01-06,-0.030846570480338453,-1.5927610413509918,-2.373310912174893,-2.279683119742757,-1.5565041843279315
420,2023-01-13,-0.16931408771460266,-2.517177891584315,4.023975106718198,-3.4815880661458936,3.807594343192535
421,2023-01-20,-4.122440350354512,0.4839741506621852,4.650217461277549,10.564444373167774,7.338325350122989
422,2023-01-27,-10.844714837751717,1.5632895984442867,-0.5191448759633899,1.732329010398368,6.052194703901321
423,2023-02-03,7.314351971942737,-3.26866935829158,8.45111556431021,14.888065678794902,11.23240927798249
424,2023-02-10,3.246738290511331,6.900422156122249,5.816613082272566,3.307756950690859,5.238928135727776
425,2023-02-17,2.2327803804438275,-2.5619034178268074,2.897499315594893,-2.6833894547262664,-3.4561427801192672
426,2023-02-24,1.6172047079914442,-0.08607694290062584,2.3183545429356722,4.173442775662353,0.7901950548449732
427,2023-03-03,31.82441519456419,-2.5635949853524065,14.117674739585329,-2.961493818436754,-1.7938163510362344
428,2023-03-10,18.115484366007937,-22.287305795129,2.838183091515889,0.44064358549558824,0.5088565191942673
429,2023-03-17,-0.8112257524322851,3.221180374845858,-5.361025374236601,-8.12896095226095,-5.025700129266189
430,2023-03-24,3.505338023840737,-3.196866388270541,1.962869577697468,3.5705090864061177,7.312277941604184
431,2023-03-31,1.461724856852771,-2.4895789574943787,4.803568035329557,11.823053105062007,4.670837255216376
432,2023-04-07,-0.2243085641673721,3.9497007319696182,1.7587143025533927,2.6870107587165926,2.4037641667265897
433,2023-04-14,4.269789047776902,-3.021272091069423,5.90140093515295,-2.998874639946132,-3.257056751464262
434,2023-04-21,8.013692239051595,-1.1142552497121283,3.759210901987884,1.1144023685669557,0.03979407839936666
435,2023-04-28,-8.780021975590541,-3.790817656185068,2.3542005135619926,-3.343706514640639,-2.5492011098387772
436,2023-05-05,6.005704203014192,-5.231938014075169,4.38831821126223,-0.20397009008918934,1.1020501864875043
437,2023-05-12,1.3201117146718166,-8.449621358439702,2.34842767767635,2.9604834508196176,1.0636590415721514
438,2023-05-19,-16.44259962713489,-15.939600736692688,0.8653465281372587,-0.27687749769878645,3.896585268854976
439,2023-05-26,34.61206534818695,4.982905625302962,9.267948329989322,5.888831265898231,6.324280176062418
440,2023-06-02,10.10511003254816,1.5175346193455244,9.289419965409982,7.612931093213748,9.658595512251754
441,2023-06-09,4.908404218855531,2.6628963544260253,1.8538556806764774,4.697669572887828,3.9982729187953
442,2023-06-16,1.7431314737532966,5.711536865162194,2.309560251193148,1.659960193225891,2.448560097146517
443,2023-06-23,14.804029823867015,-9.636933409751464,6.959083585165575,0.37836797488525864,4.188080145234991
444,2023-06-30,-0.23281625929590266,-4.245684234080766,1.3359983017881238,-3.823968760721366,-0.6986955798396877
445,2023-07-07,6.723296088118889,7.185630382118504,8.032895213361119,3.545349620837422,5.485039520280595
446,2023-07-14,-7.679467417696099,-6.021682824964614,-0.8152029482977952,-0.5339948456785135,1.9341443320398468
447,2023-07-21,22.59132210916153,-3.500187771936998,9.514352933269063,3.6918218167394157,3.823118167597115
448,2023-07-28,8.11483184353417,-2.427780039714375,9.66734572892964,0.1110456397004537,-2.8989790135690585
449,2023-08-04,1.178958833820103,-3.449131527446827,6.798856355994668,3.4553786513435947,2.8840634012190547
450,2023-08-11,2.668001648857159,-0.7907887562075432,20.611807940678126,-3.6717703063223084,-4.541211719352765
451,2023-08-18,6.0583439514412785,-3.158965886389864,8.1202003425263,-6.84955491937269,-2.235057617643168
452,2023-08-25,0.9487319716759292,-19.678634359199588,-0.7493398128046126,-4.537024841276753,-1.8940396114050628
453,2023-09-01,-14.05617734235877,-0.06117243236736236,-14.76152940812479,2.7127865515277305,4.881007408992399
454,2023-09-08,2.3746428020440336,3.700582406841781,0.34675909687853945,5.2365480590157265,3.8507553249073867
455,2023-09-15,4.273254239919817,-28.10294809283352,12.10460928432304,-2.9535547074121054,-0.07924778746151376
456,2023-09-22,-2.034364136272421,-6.357087187615569,9.842645551920096,1.834422655658581,1.390370424554317
457,2023-09-29,-8.324973774679837,-10.146341061023534,-6.151545985077871,-5.926533632957056,-5.279653822610804
458,2023-10-06,8.893616460301361,-5.0553738214835,3.6595851900134653,2.7431182098110662,1.119548683975835
459,2023-10-13,0.9167727449895402,-5.872411822370955,0.7428553096418232,1.683868568209439,0.8384824159111727
460,2023-10-20,2.021100964370064,-3.4834222874997423,13.602555143451017,-0.009806822782798541,-0.7542812680048661
461,2023-10-27,1.0644621400663912,-10.648268422671274,0.11116801771141605,-9.000348899938654,-6.098152092664466
462,2023-11-03,4.944991635014357,-5.282648829752245,9.353916947071095,-3.1775296573035106,-4.3867206006305715
463,2023-11-10,-17.073492127999835,-1.1368912962094633,-18.623893985162987,10.661335895889952,6.640158586023003
464,2023-11-17,33.414004183107075,-5.851704184428934,34.54864131734861,1.0367273106395891,3.235447068676258
465,2023-11-24,2.191551347490714,0.8527792505460849,14.560489467284597,4.19761831503942,3.414782132732239
466,2023-12-01,8.10560395299992,-0.340736511962109,14.047910090725628,-3.0229153131180486,-0.09886265142623918
467,2023-12-08,7.0680876487772535,1.6983080004553621,7.9986114565686375,6.194141272913356,-1.70761760454645
468,2023-12-15,0.8303865539040389,-16.32109809529474,4.043148056361106,0.5847994656499056,3.028452290546544
469,2023-12-22,3.796786147883753,-5.219232010295576,7.691878741332898,2.218158759841571,3.0107252864141216
470,2023-12-29,0.13062713505993742,6.48911589170134,14.776602417936726,-3.508662985621349,8.399398271936674
471,2024-01-05,-0.2238816211658251,-4.812341796433239,33.355285655933244,-0.6590862879157933,-0.5052162621146117
472,2024-01-12,0.06246027611089611,-17.547419333136904,-11.071647411873332,-5.664150508116426,-1.5656519416596006
473,2024-01-19,6.855986633630773,-3.4843671193891645,47.94717136927102,0.70327881390817,5.603676598304532
474,2024-01-26,3.427462028721911,-20.480207165446608,-13.025006552312032,1.4407384070194287,4.134385383341617
475,2024-02-02,1.8392676356036142,-2.627603684496438,1.4175989639548714,-2.6603139943485576,1.0729699094817935
476,2024-02-09,12.280855927819283,-7.572367840286411,6.757700463616669,7.307204955311843,4.666550060897825
477,2024-02-16,2.0949258393412977,-4.935648352731954,3.9778473322704726,2.3558719468419236,10.276822656693291
478,2024-02-23,2.745312233931694,-20.80604169279432,4.264538369213211,15.960208717535119,1.9301106777827903
479,2024-03-01,3.1493064291392776,-5.799088002400521,6.085433030024756,-3.9889988893569233,3.162212729573699
480,2024-03-08,2.9152639887531384,-0.829207617388579,26.733670751808415,5.43628608291921,4.3201287435754026
481,2024-03-15,3.4098353004077615,-2.0773648387971027,4.264022327345754,-2.9035194192331693,3.3615363209606075
482,2024-03-22,0.9462986803218909,-6.54462859746973,8.350367236812284,-6.254573008471942,-1.9718224928618344
483,2024-03-29,5.757979096043764,2.689618430154379,5.704079889808396,24.162730681262225,1.8778965759849675
484,2024-04-05,3.1160265258737985,46.37985888107457,2.8480528972335217,-1.3141645165771167,0.4415013720001527
485,2024-04-12,4.220910930415569,-3.267575101343867,4.595901208140389,0.29331386656692227,-2.0568289633121983
486,2024-04-19,-0.6502909372803067,-4.330984788294218,-1.0720664585307738,0.43623645844183667,0.6327545698790636
487,2024-04-26,1.726490757279071,-5.328348205405473,2.8435091545171454,-8.289675093910123,-7.730459257581114
488,2024-05-03,17.360641311064665,-2.268606619630893,11.945292564343642,8.52214944696966,12.785416159376096
489,2024-05-10,1.674692250983174,-19.3906618369325,2.622619203484875,11.836690071743812,3.3602633977936653
490,2024-05-17,8.332611470315047,-9.492013687265144,12.02682212960239,-4.846551577953112,-0.6223932853948378
491,2024-05-24,3.2611131571790297,-2.3988491220263555,5.456884599729999,8.958409543096426,5.5711118143345395
492,2024-05-31,4.770342359586017,-4.173599147849638,10.433224151224787,-0.34217890799608675,3.2960897309173043
493,2024-06-07,-0.36769945302504103,-2.3301242668441686,1.7354368615379006,5.699574540661062,4.777194637521289
494,2024-06-14,2.447350254688696,-5.37561034606902,1.7442564505957048,8.362886767019571,4.573588024619577
